<?xml version="1.0" encoding="utf-8"?><TestSession xmlns:xsi="http://www.w3.org/2001/XMLSchema-instance" xmlns:xsd="http://www.w3.org/2001/XMLSchema"><GameId>1649</GameId><Matchless>false</Matchless><NumTimesToSubmit>1</NumTimesToSubmit><ProtocolVersion>2</ProtocolVersion><Version>2</Version><PlayerList><anyType xsi:type="TestPlayer"><IsHost>true</IsHost><IsDisconnect>false</IsDisconnect><TeamIndexString>n/a</TeamIndexString><TeamIndex>0</TeamIndex><ProfileId>350009088</ProfileId><Snapshots><anyType xsi:type="TestSnapshot"><Timeout>false</Timeout><SecondsUntilIntention>0</SecondsUntilIntention><SecondsUntilSnapshot>0</SecondsUntilSnapshot><SentIntention>false</SentIntention><SentSnapshot>false</SentSnapshot><Status>Complete</Status><Authoritative>true</Authoritative><PlayerIndices><anyType xsi:type="xsd:string">1</anyType><anyType xsi:type="xsd:string">2</anyType><anyType xsi:type="xsd:string">3</anyType></PlayerIndices><TeamIndices /><GameKeys><anyType xsi:type="TestKey"><KeyId>8</KeyId><KeyValue xsi:type="xsd:unsignedByte">1</KeyValue><KeyValueType>ByteKey</KeyValueType><PlayerOrTeamId>0</PlayerOrTeamId></anyType><anyType xsi:type="TestKey"><KeyId>6</KeyId><KeyValue xsi:type="xsd:unsignedByte">1</KeyValue><KeyValueType>ByteKey</KeyValueType><PlayerOrTeamId>0</PlayerOrTeamId></anyType><anyType xsi:type="TestKey"><KeyId>5</KeyId><KeyValue xsi:type="xsd:unsignedByte">2</KeyValue><KeyValueType>ByteKey</KeyValueType><PlayerOrTeamId>0</PlayerOrTeamId></anyType></GameKeys><PlayerKeys><anyType xsi:type="TestKey"><KeyId>9</KeyId><KeyValue xsi:type="xsd:string">gsSampleName</KeyValue><KeyValueType>StringKey</KeyValueType><PlayerOrTeamId>1</PlayerOrTeamId></anyType><anyType xsi:type="TestKey"><KeyId>8</KeyId><KeyValue xsi:type="xsd:unsignedByte">1</KeyValue><KeyValueType>ByteKey</KeyValueType><PlayerOrTeamId>1</PlayerOrTeamId></anyType><anyType xsi:type="TestKey"><KeyId>2</KeyId><KeyValue xsi:type="xsd:unsignedByte">1</KeyValue><KeyValueType>ByteKey</KeyValueType><PlayerOrTeamId>1</PlayerOrTeamId></anyType><anyType xsi:type="TestKey"><KeyId>1</KeyId><KeyValue xsi:type="xsd:long">279931</KeyValue><KeyValueType>LongKey</KeyValueType><PlayerOrTeamId>1</PlayerOrTeamId></anyType><anyType xsi:type="TestKey"><KeyId>9</KeyId><KeyValue xsi:type="xsd:string">gsSampleName2</KeyValue><KeyValueType>StringKey</KeyValueType><PlayerOrTeamId>2</PlayerOrTeamId></anyType><anyType xsi:type="TestKey"><KeyId>8</KeyId><KeyValue xsi:type="xsd:unsignedByte">1</KeyValue><KeyValueType>ByteKey</KeyValueType><PlayerOrTeamId>2</PlayerOrTeamId></anyType><anyType xsi:type="TestKey"><KeyId>3</KeyId><KeyValue xsi:type="xsd:unsignedByte">1</KeyValue><KeyValueType>ByteKey</KeyValueType><PlayerOrTeamId>2</PlayerOrTeamId></anyType><anyType xsi:type="TestKey"><KeyId>1</KeyId><KeyValue xsi:type="xsd:long">123206</KeyValue><KeyValueType>LongKey</KeyValueType><PlayerOrTeamId>2</PlayerOrTeamId></anyType><anyType xsi:type="TestKey"><KeyId>9</KeyId><KeyValue xsi:type="xsd:string">gsSampleName3</KeyValue><KeyValueType>StringKey</KeyValueType><PlayerOrTeamId>3</PlayerOrTeamId></anyType><anyType xsi:type="TestKey"><KeyId>8</KeyId><KeyValue xsi:type="xsd:unsignedByte">1</KeyValue><KeyValueType>ByteKey</KeyValueType><PlayerOrTeamId>3</PlayerOrTeamId></anyType><anyType xsi:type="TestKey"><KeyId>2</KeyId><KeyValue xsi:type="xsd:unsignedByte">1</KeyValue><KeyValueType>ByteKey</KeyValueType><PlayerOrTeamId>3</PlayerOrTeamId></anyType><anyType xsi:type="TestKey"><KeyId>1</KeyId><KeyValue xsi:type="xsd:long">39936</KeyValue><KeyValueType>LongKey</KeyValueType><PlayerOrTeamId>3</PlayerOrTeamId></anyType></PlayerKeys><TeamKeys /><Results><anyType xsi:type="TestResult"><ResultType>GlobalPlayer</ResultType><Id>1</Id><ValueType>Relative</ValueType><Value>1</Value></anyType><anyType xsi:type="TestResult"><ResultType>GlobalPlayer</ResultType><Id>2</Id><ValueType>Relative</ValueType><Value>1</Value></anyType><anyType xsi:type="TestResult"><ResultType>GlobalPlayer</ResultType><Id>3</Id><ValueType>Relative</ValueType><Value>0</Value></anyType></Results></anyType></Snapshots><CsId>60efe32c-22ff-4f03-b3dd-db0664048dc6</CsId><CcId>dd3f7a94-b5a6-44d0-8be1-8631e7b02412</CcId><Proof /></anyType><anyType xsi:type="TestPlayer"><IsHost>false</IsHost><IsDisconnect>false</IsDisconnect><TeamIndexString>n/a</TeamIndexString><TeamIndex>0</TeamIndex><ProfileId>353659860</ProfileId><Snapshots><anyType xsi:type="TestSnapshot"><Timeout>false</Timeout><SecondsUntilIntention>0</SecondsUntilIntention><SecondsUntilSnapshot>0</SecondsUntilSnapshot><SentIntention>false</SentIntention><SentSnapshot>false</SentSnapshot><Status>Complete</Status><Authoritative>true</Authoritative><PlayerIndices><anyType xsi:type="xsd:string">1</anyType><anyType xsi:type="xsd:string">2</anyType><anyType xsi:type="xsd:string">3</anyType></PlayerIndices><TeamIndices /><GameKeys><anyType xsi:type="TestKey"><KeyId>8</KeyId><KeyValue xsi:type="xsd:unsignedByte">1</KeyValue><KeyValueType>ByteKey</KeyValueType><PlayerOrTeamId>0</PlayerOrTeamId></anyType><anyType xsi:type="TestKey"><KeyId>6</KeyId><KeyValue xsi:type="xsd:unsignedByte">1</KeyValue><KeyValueType>ByteKey</KeyValueType><PlayerOrTeamId>0</PlayerOrTeamId></anyType><anyType xsi:type="TestKey"><KeyId>5</KeyId><KeyValue xsi:type="xsd:unsignedByte">2</KeyValue><KeyValueType>ByteKey</KeyValueType><PlayerOrTeamId>0</PlayerOrTeamId></anyType></GameKeys><PlayerKeys><anyType xsi:type="TestKey"><KeyId>9</KeyId><KeyValue xsi:type="xsd:string">gsSampleName</KeyValue><KeyValueType>StringKey</KeyValueType><PlayerOrTeamId>1</PlayerOrTeamId></anyType><anyType xsi:type="TestKey"><KeyId>8</KeyId><KeyValue xsi:type="xsd:unsignedByte">1</KeyValue><KeyValueType>ByteKey</KeyValueType><PlayerOrTeamId>1</PlayerOrTeamId></anyType><anyType xsi:type="TestKey"><KeyId>2</KeyId><KeyValue xsi:type="xsd:unsignedByte">1</KeyValue><KeyValueType>ByteKey</KeyValueType><PlayerOrTeamId>1</PlayerOrTeamId></anyType><anyType xsi:type="TestKey"><KeyId>1</KeyId><KeyValue xsi:type="xsd:long">279931</KeyValue><KeyValueType>LongKey</KeyValueType><PlayerOrTeamId>1</PlayerOrTeamId></anyType><anyType xsi:type="TestKey"><KeyId>9</KeyId><KeyValue xsi:type="xsd:string">gsSampleName2</KeyValue><KeyValueType>StringKey</KeyValueType><PlayerOrTeamId>2</PlayerOrTeamId></anyType><anyType xsi:type="TestKey"><KeyId>8</KeyId><KeyValue xsi:type="xsd:unsignedByte">1</KeyValue><KeyValueType>ByteKey</KeyValueType><PlayerOrTeamId>2</PlayerOrTeamId></anyType><anyType xsi:type="TestKey"><KeyId>3</KeyId><KeyValue xsi:type="xsd:unsignedByte">1</KeyValue><KeyValueType>ByteKey</KeyValueType><PlayerOrTeamId>2</PlayerOrTeamId></anyType><anyType xsi:type="TestKey"><KeyId>1</KeyId><KeyValue xsi:type="xsd:long">123206</KeyValue><KeyValueType>LongKey</KeyValueType><PlayerOrTeamId>2</PlayerOrTeamId></anyType><anyType xsi:type="TestKey"><KeyId>9</KeyId><KeyValue xsi:type="xsd:string">gsSampleName3</KeyValue><KeyValueType>StringKey</KeyValueType><PlayerOrTeamId>3</PlayerOrTeamId></anyType><anyType xsi:type="TestKey"><KeyId>8</KeyId><KeyValue xsi:type="xsd:unsignedByte">1</KeyValue><KeyValueType>ByteKey</KeyValueType><PlayerOrTeamId>3</PlayerOrTeamId></anyType><anyType xsi:type="TestKey"><KeyId>2</KeyId><KeyValue xsi:type="xsd:unsignedByte">1</KeyValue><KeyValueType>ByteKey</KeyValueType><PlayerOrTeamId>3</PlayerOrTeamId></anyType><anyType xsi:type="TestKey"><KeyId>1</KeyId><KeyValue xsi:type="xsd:long">39936</KeyValue><KeyValueType>LongKey</KeyValueType><PlayerOrTeamId>3</PlayerOrTeamId></anyType></PlayerKeys><TeamKeys /><Results><anyType xsi:type="TestResult"><ResultType>GlobalPlayer</ResultType><Id>1</Id><ValueType>Relative</ValueType><Value>1</Value></anyType><anyType xsi:type="TestResult"><ResultType>GlobalPlayer</ResultType><Id>2</Id><ValueType>Relative</ValueType><Value>1</Value></anyType><anyType xsi:type="TestResult"><ResultType>GlobalPlayer</ResultType><Id>3</Id><ValueType>Relative</ValueType><Value>0</Value></anyType></Results></anyType></Snapshots><CsId>60efe32c-22ff-4f03-b3dd-db0664048dc6</CsId><CcId>9ed2e515-8b52-419f-867b-7dcda2801121</CcId><Proof /></anyType><anyType xsi:type="TestPlayer"><IsHost>false</IsHost><IsDisconnect>false</IsDisconnect><TeamIndexString>n/a</TeamIndexString><TeamIndex>0</TeamIndex><ProfileId>353659881</ProfileId><Snapshots><anyType xsi:type="TestSnapshot"><Timeout>false</Timeout><SecondsUntilIntention>0</SecondsUntilIntention><SecondsUntilSnapshot>0</SecondsUntilSnapshot><SentIntention>false</SentIntention><SentSnapshot>false</SentSnapshot><Status>Complete</Status><Authoritative>true</Authoritative><PlayerIndices><anyType xsi:type="xsd:string">1</anyType><anyType xsi:type="xsd:string">2</anyType><anyType xsi:type="xsd:string">3</anyType></PlayerIndices><TeamIndices /><GameKeys><anyType xsi:type="TestKey"><KeyId>8</KeyId><KeyValue xsi:type="xsd:unsignedByte">1</KeyValue><KeyValueType>ByteKey</KeyValueType><PlayerOrTeamId>0</PlayerOrTeamId></anyType><anyType xsi:type="TestKey"><KeyId>6</KeyId><KeyValue xsi:type="xsd:unsignedByte">1</KeyValue><KeyValueType>ByteKey</KeyValueType><PlayerOrTeamId>0</PlayerOrTeamId></anyType><anyType xsi:type="TestKey"><KeyId>5</KeyId><KeyValue xsi:type="xsd:unsignedByte">2</KeyValue><KeyValueType>ByteKey</KeyValueType><PlayerOrTeamId>0</PlayerOrTeamId></anyType></GameKeys><PlayerKeys><anyType xsi:type="TestKey"><KeyId>9</KeyId><KeyValue xsi:type="xsd:string">gsSampleName</KeyValue><KeyValueType>StringKey</KeyValueType><PlayerOrTeamId>1</PlayerOrTeamId></anyType><anyType xsi:type="TestKey"><KeyId>8</KeyId><KeyValue xsi:type="xsd:unsignedByte">1</KeyValue><KeyValueType>ByteKey</KeyValueType><PlayerOrTeamId>1</PlayerOrTeamId></anyType><anyType xsi:type="TestKey"><KeyId>2</KeyId><KeyValue xsi:type="xsd:unsignedByte">1</KeyValue><KeyValueType>ByteKey</KeyValueType><PlayerOrTeamId>1</PlayerOrTeamId></anyType><anyType xsi:type="TestKey"><KeyId>1</KeyId><KeyValue xsi:type="xsd:long">279931</KeyValue><KeyValueType>LongKey</KeyValueType><PlayerOrTeamId>1</PlayerOrTeamId></anyType><anyType xsi:type="TestKey"><KeyId>9</KeyId><KeyValue xsi:type="xsd:string">gsSampleName2</KeyValue><KeyValueType>StringKey</KeyValueType><PlayerOrTeamId>2</PlayerOrTeamId></anyType><anyType xsi:type="TestKey"><KeyId>8</KeyId><KeyValue xsi:type="xsd:unsignedByte">1</KeyValue><KeyValueType>ByteKey</KeyValueType><PlayerOrTeamId>2</PlayerOrTeamId></anyType><anyType xsi:type="TestKey"><KeyId>3</KeyId><KeyValue xsi:type="xsd:unsignedByte">1</KeyValue><KeyValueType>ByteKey</KeyValueType><PlayerOrTeamId>2</PlayerOrTeamId></anyType><anyType xsi:type="TestKey"><KeyId>1</KeyId><KeyValue xsi:type="xsd:long">123206</KeyValue><KeyValueType>LongKey</KeyValueType><PlayerOrTeamId>2</PlayerOrTeamId></anyType><anyType xsi:type="TestKey"><KeyId>9</KeyId><KeyValue xsi:type="xsd:string">gsSampleName3</KeyValue><KeyValueType>StringKey</KeyValueType><PlayerOrTeamId>3</PlayerOrTeamId></anyType><anyType xsi:type="TestKey"><KeyId>8</KeyId><KeyValue xsi:type="xsd:unsignedByte">1</KeyValue><KeyValueType>ByteKey</KeyValueType><PlayerOrTeamId>3</PlayerOrTeamId></anyType><anyType xsi:type="TestKey"><KeyId>2</KeyId><KeyValue xsi:type="xsd:unsignedByte">1</KeyValue><KeyValueType>ByteKey</KeyValueType><PlayerOrTeamId>3</PlayerOrTeamId></anyType><anyType xsi:type="TestKey"><KeyId>1</KeyId><KeyValue xsi:type="xsd:long">39936</KeyValue><KeyValueType>LongKey</KeyValueType><PlayerOrTeamId>3</PlayerOrTeamId></anyType></PlayerKeys><TeamKeys /><Results><anyType xsi:type="TestResult"><ResultType>GlobalPlayer</ResultType><Id>1</Id><ValueType>Relative</ValueType><Value>1</Value></anyType><anyType xsi:type="TestResult"><ResultType>GlobalPlayer</ResultType><Id>2</Id><ValueType>Relative</ValueType><Value>1</Value></anyType><anyType xsi:type="TestResult"><ResultType>GlobalPlayer</ResultType><Id>3</Id><ValueType>Relative</ValueType><Value>0</Value></anyType></Results></anyType></Snapshots><CsId>60efe32c-22ff-4f03-b3dd-db0664048dc6</CsId><CcId>695bc3f5-9a8f-4af0-b872-ac5afd4a7181</CcId><Proof /></anyType></PlayerList><TeamList /></TestSession>